event,ID,default,Prepayment,vintage,cred_score,DBT_RATIO,start_date,end_date
2,1201510415699000,0,1,2005,757,0.43,01Dec2005,01Jan2006
2,1201510419849000,0,1,2005,757,0.44,01Dec2005,01Jan2006
0,1201510423369000,0,0,2005,630,0.34,01Jan2006,
2,1201510570239000,0,1,2005,779,0.13,01Dec2005,01Nov2009
2,1201510571049000,0,1,2005,696,0.28,01Dec2005,01Feb2009
0,1201510584539000,0,0,2005,761,0.29,01Dec2005,
2,1201510620789000,0,1,2005,715,0.29,01Dec2005,01Nov2008
0,1201517549139000,0,0,2006,816,0.21,01Aug2006,
2,1201517811049000,0,1,2005,656,0.17,01Dec2005,01May2009
2,1201517818809000,0,1,2006,751,0.41,01May2006,01Oct2007
2,1201517819379000,0,1,2005,784,0.36,01Dec2005,01Jan2006
1,1201517845379000,1,0,2007,689,0.1,01May2007,01Jun2009
1,1201517887969000,1,0,2007,659,0.4,01Feb2007,01Oct2008
2,1201518165799000,0,1,2006,718,0.4,01Jun2006,01Aug2009
2,1201518358599000,0,1,2009,614,0.27,01Jul2009,01Dec2011
2,1201518428639000,0,1,2005,791,0.31,01Dec2005,01Oct2007
2,1201518749199000,0,1,2005,618,0.3,01Dec2005,01Jan2006
2,1201518841409000,0,1,2008,768,0.3,01Mar2008,01Aug2012
2,1201519015419000,0,1,2006,713,0.39,01Sep2006,01Sep2007
2,1201519183129000,0,1,2005,730,0.25,01Dec2005,01Jan2006
1,1201519189089000,1,0,2006,750,0.44,01Jul2006,01Jan2011
2,1201519191739000,0,1,2005,801,0.28,01Dec2005,01Jan2006
2,1201519209379000,0,1,2005,812,0.15,01Dec2005,01Apr2011
1,1201519213569000,1,0,2005,791,0.22,01Dec2005,01Jan2011
1,1201519319399000,1,0,2006,693,0.35,01Aug2006,01Mar2007
1,1201519376869000,1,0,2007,670,0.34,01May2007,01Mar2012
2,1201520253119000,0,1,2005,694,0.3,01Dec2005,01Jan2006
0,1201520809329000,0,0,2006,719,0.3,01Sep2006,
2,1201521002839000,0,1,2006,773,0.36,01Apr2006,01Jun2007
1,1201521013369000,1,0,2007,712,0.52,01Feb2007,01Jun2009
1,1201521017439000,1,0,2005,743,0.45,01Dec2005,01Nov2010
1,1201521033639000,1,0,2005,707,0.38,01Dec2005,01Apr2009
0,1201521034019000,0,0,2005,806,0.29,01Dec2005,
1,1201521061689000,1,0,2006,749,0.45,01Apr2006,01Sep2009
1,1201521078739000,1,0,2006,785,0.44,01Dec2006,01Jul2010
0,1201521090009000,0,0,2007,737,0.39,01Mar2007,
0,1201521258639000,0,0,2008,808,0.43,01Oct2008,
1,1201521346849000,1,0,2005,798,0.28,01Dec2005,01May2008
1,1201521351689000,1,0,2007,796,0.44,01Feb2007,01May2011
2,1201521356649000,0,1,2005,790,0.33,01Dec2005,01Oct2008
2,1201521381249000,0,1,2006,801,0.36,01Jul2006,01May2009
2,1201521950719000,0,1,2005,733,0.46,01Dec2005,01Jan2006
2,1201521956759000,0,1,2006,748,0.34,01Feb2006,01Apr2007
1,1201521957649000,1,0,2006,802,0.31,01Jan2006,01Jan2009
1,1201521958969000,1,0,2006,702,0.36,01Apr2006,01May2008
2,1201521960009000,0,1,2005,762,0.32,01Dec2005,01Jan2006
2,1201521965829000,0,1,2006,788,0.35,01Feb2006,01Jan2009
2,1201521971559000,0,1,2005,808,0.35,01Jan2006,01Jan2008
1,1201522413249000,1,0,2006,770,0.51,01Oct2006,01Nov2008
2,1201522670729000,0,1,2005,679,0.3,01Dec2005,01Jan2006
2,1201522961459000,0,1,2005,768,0.24,01Dec2005,01Aug2006
2,1201523302899000,0,1,2007,765,0.35,01Jul2007,01Jun2010
2,1201524194689000,0,1,2006,777,0.28,01May2006,01Apr2009
1,1201525955099000,1,0,2006,708,0.86,01Oct2006,01Jul2009
1,1201526046489000,1,0,2007,701,0.39,01Sep2007,01Nov2010
2,1201526079819000,0,1,2007,802,0.45,01May2007,01Feb2010
2,1201526081049000,0,1,2007,807,0.53,01Apr2007,01Mar2009
0,1201526091869000,0,0,2006,775,0.43,01Aug2006,
2,1201526105169000,0,1,2007,794,0.26,01May2007,01Aug2012
1,1201526108939000,1,0,2006,768,0.37,01Jul2006,01Feb2012
1,1201526109829000,1,0,2006,723,0.49,01Aug2006,01Aug2011
1,1201526126249000,1,0,2006,717,0.62,01Jul2006,01Jun2009
0,1201526135669000,0,0,2006,702,0.33,01Apr2006,
2,1201526144309000,0,1,2007,793,0.34,01Mar2007,01Dec2008
2,1201526149889000,0,1,2005,816,0.23,01Dec2005,01Apr2009
0,1201526799749000,0,0,2006,678,0.33,01Jul2006,
2,1201527575849000,0,1,2006,682,0.46,01Mar2006,01Sep2006
0,1201527954789000,0,0,2006,737,0.39,01Aug2006,
2,1201527969469000,0,1,2007,788,0.25,01Feb2007,01Nov2009
2,1201527970639000,0,1,2011,805,0.45,01Feb2011,01Jan2012
0,1201527972419000,0,0,2007,768,0.62,01Oct2007,
2,1201527976089000,0,1,2008,804,0.21,01Jul2008,01Feb2009
2,1201528948599000,0,1,2009,710,0.24,01Jul2009,01Sep2010
2,1201529055409000,0,1,2006,802,0.32,01Oct2006,01Feb2009
1,1201529090829000,1,0,2007,685,0.45,01Jun2007,01Jan2011
1,1201529763169000,1,0,2007,772,0.46,01May2007,01Jul2012
0,1201529796769000,0,0,2008,793,0.17,01Jun2008,
0,1201529807989000,0,0,2008,771,0.31,01Aug2008,
2,1201529951249000,0,1,2008,767,0.38,01Aug2008,01Aug2009
2,1201530039829000,0,1,2008,765,0.51,01Apr2008,01Apr2009
1,1201530231939000,1,0,2007,798,0.04,01Jun2007,01Oct2008
0,1201530247699000,0,0,2008,787,0.27,01Dec2008,
1,1201531094899000,1,0,2009,660,0.54,01Dec2009,01Mar2011
0,1201531206609000,0,0,2008,725,0.2,01May2008,
2,1201531385949000,0,1,2007,814,0.05,01Oct2007,01Apr2008
0,1201531543019000,0,0,2008,743,0.42,01Feb2008,
2,1201531907669000,0,1,2006,643,0.14,01Jul2006,01Aug2008
2,1201533279829000,0,1,2008,773,0.29,01Aug2008,01Jan2010
1,1201533293739000,1,0,2006,620,0.39,01Jun2006,01Dec2008
1,1201533347259000,1,0,2006,786,0.33,01Dec2006,01Jul2007
2,1201533718179000,0,1,2006,765,0.13,01Sep2006,01May2008
1,1201533790799000,1,0,2007,759,0.51,01May2007,01Jan2008
0,1201533815619000,0,0,2009,692,0.32,01Sep2009,
2,1201534320429000,0,1,2006,719,0.29,01Oct2006,01Apr2007
2,1201535184789000,0,1,2006,773,0.1,01Jun2006,01Jan2007
2,1201535193779000,0,1,2007,639,0.28,01May2007,01Jul2008
2,1201535350039000,0,1,2006,796,0.35,01Nov2006,01Apr2012
0,1201535688239000,0,0,2007,615,0.17,01Nov2007,
2,1201536284439000,0,1,2007,767,1.08,01Apr2007,01Dec2010
2,1201536293699000,0,1,2009,808,0.18,01May2009,01Jan2011
1,1201536430279000,1,0,2007,779,0.53,01Aug2007,01Jun2009
0,1201537609539000,0,0,2006,744,0.43,01Aug2006,
0,1201539096989000,0,0,2007,680,0.35,01Mar2007,
0,1201539412659000,0,0,2006,748,0.15,01Dec2006,
1,1201539427099000,1,0,2008,592,0.33,01Jan2008,01Jan2009
2,1201539542519000,0,1,2007,675,0.26,01Oct2007,01May2009
2,1201539568239000,0,1,2007,727,0.37,01Jun2007,01Jan2011
0,1201540925209000,0,0,2007,710,0.36,01May2007,
0,1201541770709000,0,0,2007,746,0.16,01Sep2007,
1,1201542202519000,1,0,2008,687,0.21,01Jan2008,01Aug2009
0,1201543131369000,0,0,2007,694,0.27,01Jul2007,
2,1201543949349000,0,1,2007,791,0.26,01Jun2007,01Jun2009
1,1201544090799000,1,0,2008,810,0.38,01Mar2008,01Feb2011
0,1201544102719000,0,0,2007,784,0.47,01Jul2007,
2,1201544118209000,0,1,2007,786,0.4,01Apr2007,01May2012
0,1201545340199000,0,0,2008,796,0.25,01Oct2008,
0,1201545820219000,0,0,2011,703,0.26,01Sep2011,
0,1201548878689000,0,0,2010,718,0.42,01Aug2010,
0,1201551256949000,0,0,2008,706,0.54,01Apr2008,
2,1201551273288000,0,1,2006,0,0,01Aug2007,01Feb2012
1,1201551274258000,1,0,2007,0,0,01Aug2007,01Jan2009
1,1201551277788000,1,0,2007,0,0,01Aug2007,01Feb2009
1,1201551282008000,1,0,2007,0,0,01Aug2007,01Mar2010
0,1201551284568000,0,0,2007,0,0,01Aug2007,
1,1201553542009000,1,0,2008,653,0.46,01Sep2008,01Nov2009
0,1201554762769000,0,0,2010,748,0.27,01Dec2010,
0,1201556340689000,0,0,2008,712,0.3,01Dec2008,
0,1201573555499000,0,0,2009,685,0.24,01Jun2009,
0,1201577771769000,0,0,2010,806,0.26,01Aug2010,
0,1201579131269000,0,0,2012,697,0.16,01Aug2012,
0,1201580164979000,0,0,2010,809,0.35,01Apr2010,
0,1201589682349000,0,0,2011,770,0.15,01Sep2011,
2,1201593767649000,0,1,2012,742,0.48,01Jan2012,01Aug2012
2,1206501661999000,0,1,1996,722,0,01Dec2005,01Jul2006
2,1212508420839000,0,1,2005,806,0.1,01Dec2005,01Feb2006
1,1212508995819000,1,0,1996,580,0.17,01Dec2005,01Nov2006
2,1212509235719000,0,1,1997,655,0.4,01Dec2005,01Dec2007
2,1212509349728000,0,1,1996,,0,01Dec2005,01Jan2006
2,1212509351978000,0,1,1996,,0,01Dec2005,01Jan2006
2,1213504030109000,0,1,1998,638,0.18,01Dec2005,01Jan2006
0,1215504262389000,0,0,2000,657,0.26,01Dec2005,
2,1217501317229000,0,1,1998,747,0.52,01Dec2005,01Mar2007
2,1219504562619000,0,1,2000,634,0.4,01Dec2005,01Mar2008
2,1219505670989000,0,1,1999,786,0.28,01Dec2005,01Jun2007
2,1219505671609000,0,1,1999,748,0.18,01Dec2005,01Jan2006
2,1220500331009000,0,1,1995,786,0.24,01Dec2005,01Mar2006
2,1222501988239000,0,1,2004,716,0.11,01Dec2005,01Jan2006
2,1225500231069000,0,1,1991,,0,01Dec2005,01Jan2006
2,1225500483629000,0,1,1996,601,0.3,01Dec2005,01Dec2008
2,1225501092489000,0,1,2001,748,0.34,01Dec2005,01Jan2006
2,1225501642579000,0,1,2000,717,0.34,01Dec2005,01Jan2006
1,1225504156919000,1,0,1999,657,0.33,01Dec2005,01Feb2008
2,1226503769109000,0,1,2002,756,0.24,01Dec2005,01Mar2012
2,1227502233739010,0,1,1998,771,0.24,01Dec2005,01Jan2006
2,1230507760896000,0,1,1994,,0,01Dec2005,01Jun2009
0,1232502565889000,0,0,2007,801,0.33,01Apr2007,
2,1233500111419000,0,1,1998,667,0.24,01Dec2005,01Jan2006
2,1234501268189000,0,1,2003,728,0.18,01Dec2005,01Jan2006
2,1235505297409000,0,1,2000,596,0.37,01Dec2005,01Oct2009
0,1235505484199010,0,0,2007,656,0.55,01Mar2007,
2,1235505593058000,0,1,1994,,0,01Dec2005,01Jan2006
2,1235509267589000,0,1,2006,715,0.2,01Jun2006,01Aug2007
2,1237500824169000,0,1,2006,670,0.46,01Jul2006,01Dec2007
2,1243501833069000,0,1,2001,737,0.29,01Dec2005,01Jan2006
2,1243501861869000,0,1,2001,703,0.37,01Dec2005,01Jan2006
2,1247500580089000,0,1,2005,802,0.51,01Dec2005,01Jan2006
2,1249500566729000,0,1,1996,649,0.23,01Dec2005,01Jan2006
2,1250503163099000,0,1,1999,690,0.21,01Dec2005,01Jan2006
2,1250503489289000,0,1,2003,715,0.31,01Dec2005,01Apr2006
2,1254501400259000,0,1,2000,645,0.24,01Dec2005,01May2008
2,1255501307538000,0,1,1997,,0,01Dec2005,01Jan2006
2,1256505743239000,0,1,1996,614,0.34,01Dec2005,01Feb2008
2,1256505753979000,0,1,1996,770,0.22,01Dec2005,01Jan2006
2,1256511291378000,0,1,1991,,0,01Dec2005,01Jan2006
0,1256512791479000,0,0,2011,743,0.38,01May2011,
2,1256512887749000,0,1,2000,746,0.15,01Dec2005,01Feb2010
2,1257502990459000,0,1,2001,751,0.17,01Dec2005,01Jan2006
2,1258500488309000,0,1,1998,720,0.15,01Dec2005,01Oct2008
2,1259500653859000,0,1,2001,641,0.14,01Dec2005,01Jan2006
2,1262500660989000,0,1,2000,625,0.35,01Dec2005,01Oct2010
2,1263500901759000,0,1,1999,673,0.18,01Dec2005,01Apr2007
2,1266500743289000,0,1,2005,810,0.42,01Dec2005,01Jan2006
2,1266500758129000,0,1,2000,779,0.22,01Dec2005,01Jan2006
2,1266500808169000,0,1,1999,733,0.18,01Dec2005,01Jan2006
2,1266500835649000,0,1,1999,740,0.24,01Dec2005,01Jan2006
2,1266500937729000,0,1,2000,708,0.47,01Dec2005,01Jan2006
2,1275500480249000,0,1,1998,647,0.28,01Dec2005,01May2007
2,1277500940149000,0,1,1998,770,0.13,01Dec2005,01Apr2007
2,1278500480299000,0,1,2004,716,0.37,01Dec2005,01Jun2008
1,1278500493869000,1,0,2007,750,0.12,01Apr2007,01Feb2010
2,1280500686769010,0,1,1997,721,0,01Dec2005,01Jan2006
2,1285500716009000,0,1,2004,766,0.42,01Dec2005,01Jan2006
2,1285501248529000,0,1,2001,661,0.41,01Dec2005,01Jan2006
2,1291502995689000,0,1,1994,614,0,01Dec2005,01May2006
2,1801500579589000,0,1,2000,739,0.39,01Dec2005,01Jan2009
2,1806500297349000,0,1,1999,675,0.34,01Dec2005,01Jan2006
2,1811500605499000,0,1,2007,667,0.14,01Oct2007,01Sep2008
2,1817500215349000,0,1,1998,671,0.29,01Dec2005,01Jan2006
2,1821500363949000,0,1,2001,703,0.32,01Dec2005,01Jan2006
2,1821500404729000,0,1,1999,727,0.26,01Dec2005,01Jan2006
2,1822500296129000,0,1,1999,719,0.25,01Dec2005,01Jul2011
2,1823500513229000,0,1,1998,712,0.33,01Dec2005,01Jan2006
2,1823506695049000,0,1,2001,721,0.27,01Dec2005,01Dec2006
2,1823506809159000,0,1,2000,668,0.4,01Dec2005,01Oct2007
2,1829500026819000,0,1,2000,726,0.2,01Dec2005,01Apr2007
2,1901500098529000,0,1,2000,730,0.29,01Dec2005,01Jan2006
2,1901500141209000,0,1,2004,625,0.25,01Dec2005,01Feb2009
0,1901500839129000,0,0,2006,755,0.22,01May2006,
2,1901500852819000,0,1,2002,637,0.29,01Dec2005,01Jan2006
0,1901502053259000,0,0,2001,645,0.4,01Dec2005,
2,1901502364769000,0,1,2004,774,0.38,01Dec2005,01Jan2006
2,1901502660819000,0,1,2003,581,0.64,01Dec2005,01Jan2006
2,1901503059319000,0,1,2005,651,0.14,01Dec2005,01Jul2012
0,1901503091129000,0,0,2000,748,0.27,01Dec2005,
2,1901503128149000,0,1,2003,747,0.25,01Dec2005,01Feb2006
2,1901503565609000,0,1,2002,760,0.25,01Dec2005,01Jan2006
2,1901503917819000,0,1,2004,708,0.39,01Dec2005,01Jan2006
2,1901504023689000,0,1,2001,740,0.24,01Dec2005,01Aug2009
2,1901505098399000,0,1,2000,655,0.28,01Dec2005,01Jan2006
0,1901505124739000,0,0,2002,724,0.42,01Dec2005,
2,1901505694679000,0,1,2002,718,0.29,01Dec2005,01Jan2006
2,1901506508099000,0,1,2004,790,0.26,01Dec2005,01Jan2006
1,1901506669429000,1,0,2001,695,0.28,01Dec2005,01Apr2010
2,1901506865609000,0,1,2004,780,0.39,01Dec2005,01Jan2006
2,1901507078869000,0,1,2000,652,0.32,01Dec2005,01Jan2006
2,1901507681929000,0,1,2002,,0.27,01Dec2005,01May2012
2,1901507692619000,0,1,2001,709,0.34,01Dec2005,01Jan2006
2,1901507827059000,0,1,2002,710,0.14,01Dec2005,01Sep2011
2,1901508400399000,0,1,2007,666,0.32,01Mar2007,01Feb2012
0,1901508544399000,0,0,2006,802,0.36,01Sep2006,
2,1901508558779000,0,1,2001,643,0.28,01Dec2005,01Aug2007
0,1901508578109000,0,0,2002,752,0.15,01Dec2005,
1,1901508585829000,1,0,2002,686,0.15,01Dec2005,01May2010
2,1901508612659000,0,1,2002,608,0.32,01Dec2005,01Jan2006
2,1901509493919000,0,1,2004,777,0.04,01Dec2005,01Jan2006
1,1901509546389000,1,0,2001,692,0.23,01Dec2005,01Jun2009
2,1901509677999000,0,1,2000,691,0.07,01Dec2005,01Mar2012
1,1901509679939000,1,0,2001,651,0.34,01Dec2005,01May2007
2,1901510220389000,0,1,2004,683,0.18,01Dec2005,01Jan2006
2,1901510257549000,0,1,2002,753,0.24,01Dec2005,01Jan2006
0,1901510796929000,0,0,2008,762,0.3,01Sep2008,
2,1901510849209000,0,1,2004,796,0.25,01Dec2005,01Oct2006
1,1901510851969000,1,0,2005,663,0.47,01Dec2005,01Aug2009
1,1901510856849000,1,0,2003,721,0.42,01Dec2005,01Aug2009
1,1901510890949000,1,0,2006,533,0.44,01Mar2006,01May2010
2,1901510995029000,0,1,2001,0,0.29,01Dec2005,01Jan2006
2,1901511003149000,0,1,2001,688,0.31,01Dec2005,01Jan2006
2,1901511125929000,0,1,2007,769,0.31,01Jun2007,01Oct2007
2,1901511200139000,0,1,2002,764,0.25,01Dec2005,01Oct2007
2,1901511209199000,0,1,2002,690,0.39,01Dec2005,01Jan2006
2,1901511445599000,0,1,2004,682,0.28,01Dec2005,01Aug2006
2,1901512338619000,0,1,2005,801,0.51,01Dec2005,01Mar2008
2,1901512621609000,0,1,2006,788,0.05,01Mar2006,01Aug2009
2,1901513568079000,0,1,2004,582,0.34,01Dec2005,01Jan2006
2,1901514235989000,0,1,2003,764,0.13,01Dec2005,01Jan2006
2,1901514266789000,0,1,2003,791,0.27,01Dec2005,01Jan2006
0,1901514361509000,0,0,2007,657,0.39,01Dec2007,
2,1901514368199000,0,1,2003,738,0.34,01Dec2005,01Jan2006
2,1901514587239000,0,1,2001,659,0.35,01Dec2005,01Jan2006
0,1901514626669000,0,0,2004,751,0.36,01Dec2005,
0,1901514639219000,0,0,2001,700,0.37,01Dec2005,
2,1901514952469000,0,1,2005,670,0.28,01Dec2005,01Jan2006
2,1901515422289000,0,1,2004,632,0.2,01Dec2005,01Jan2006
2,1901515718999000,0,1,2004,739,0.19,01Dec2005,01Jan2006
2,1901516971329000,0,1,2003,718,0.31,01Dec2005,01Jan2006
2,1901517147469000,0,1,2001,768,0.24,01Dec2005,01Jan2006
2,1901517327529000,0,1,2003,724,0.37,01Dec2005,01Apr2011
2,1901517367909000,0,1,2005,657,0.34,01Dec2005,01Jan2006
2,1901517721429000,0,1,2002,688,0.38,01Dec2005,01Jan2006
2,1901517788419000,0,1,2005,721,0.43,01Dec2005,01Jan2006
2,1901517817379000,0,1,2001,736,0.3,01Dec2005,01Jan2006
2,1901517835869000,0,1,2003,762,0.22,01Dec2005,01Nov2006
2,1901517983709000,0,1,2005,709,0.31,01Dec2005,01Mar2008
2,1901518871609000,0,1,2006,639,0.09,01Sep2006,01Jan2011
1,1901519344799000,1,0,2004,645,0.15,01Dec2005,01Jul2007
2,1901519414759000,0,1,2002,736,0.17,01Dec2005,01Mar2006
2,1901519553529000,0,1,2003,671,0.31,01Dec2005,01Jan2006
2,1901519561549000,0,1,2005,675,0.35,01Dec2005,01Jan2006
2,1901520188409000,0,1,2001,676,0.39,01Dec2005,01Jan2006
2,1901520443109000,0,1,2006,785,0.34,01Mar2006,01Oct2011
2,1901520523219000,0,1,2003,695,0.22,01Dec2005,01Feb2006
2,1901520634399000,0,1,2003,772,0.05,01Dec2005,01Mar2009
2,1901521055739000,0,1,2009,750,0.43,01Jul2009,01Dec2009
2,1901521857639000,0,1,2004,792,0.2,01Dec2005,01Apr2009
2,1901523131339000,0,1,2002,705,0.12,01Dec2005,01Jan2006
2,1901524006729000,0,1,2002,664,0.37,01Dec2005,01Jan2006
2,1901524141509000,0,1,2003,676,0.23,01Dec2005,01Jan2006
1,1901525106999000,1,0,2001,726,0.33,01Dec2005,01Jan2007
2,1901525128029000,0,1,2004,756,0.26,01Dec2005,01Aug2007
1,1901525134509000,1,0,2007,676,0.57,01Apr2007,01Feb2012
2,1901526090679000,0,1,2005,797,0.32,01Dec2005,01Jan2006
2,1901526249539000,0,1,2003,745,0.33,01Dec2005,01Feb2012
2,1901527213639000,0,1,2002,694,0.39,01Dec2005,01Jan2006
2,1901527433599000,0,1,2004,631,0.28,01Dec2005,01Jan2006
2,1901527993039000,0,1,2003,692,0.22,01Dec2005,01Sep2006
0,1901528000349000,0,0,2004,698,0.08,01Dec2005,
2,1901528005819000,0,1,2004,750,0.23,01Dec2005,01Jan2006
2,1901528014999000,0,1,2004,722,0.3,01Dec2005,01Jun2006
2,1901528185459000,0,1,2002,663,0.29,01Dec2005,01Jan2006
1,1901528192909000,1,0,2005,661,0.2,01Dec2005,01Jun2009
2,1901528271969000,0,1,2004,675,0.13,01Dec2005,01Jan2006
2,1901528283899000,0,1,2004,622,0.21,01Dec2005,01Feb2009
2,1901528681869000,0,1,2001,606,0.39,01Dec2005,01Jan2006
2,1901528716599000,0,1,2002,667,0.29,01Dec2005,01Jan2010
2,1901528904329000,0,1,2001,773,0.21,01Dec2005,01Jan2006
2,1901529087659000,0,1,2004,792,0.09,01Dec2005,01Feb2009
1,1901529098939000,1,0,2005,645,0.36,01Dec2005,01Feb2010
2,1901529190669000,0,1,2002,667,0.23,01Dec2005,01Jan2006
2,1901529197919000,0,1,2003,632,0.25,01Dec2005,01Apr2006
2,1901529200999000,0,1,2003,688,0.29,01Dec2005,01Jan2006
2,1901529204399000,0,1,2003,792,0.15,01Dec2005,01Jan2006
0,1901529210369000,0,0,2005,801,0.13,01Dec2005,
2,1901529210879000,0,1,2005,775,0.27,01Dec2005,01Jan2006
0,1901529311209000,0,0,2008,816,0.2,01Feb2008,
2,1901529428319000,0,1,2003,774,0.01,01Dec2005,01Feb2007
2,1901529625819000,0,1,2002,653,0.07,01Dec2005,01Sep2006
2,1901529849099000,0,1,2003,801,0.12,01Dec2005,01Aug2009
2,1901530039799000,0,1,2003,709,0.37,01Dec2005,01Jan2006
2,1901530073039000,0,1,2002,791,0.11,01Dec2005,01Sep2010
0,1901530245859000,0,0,2007,753,0.1,01May2007,
2,1901530559959000,0,1,2002,655,0.3,01Dec2005,01Jan2006
2,1901530697679000,0,1,2003,664,0.35,01Dec2005,01Jan2006
2,1901532512639000,0,1,2004,767,0.37,01Dec2005,01Jan2006
2,1901532513449000,0,1,2004,702,0.34,01Dec2005,01Oct2011
0,1901532709429000,0,0,2002,764,0.26,01Dec2005,
2,1901533138389000,0,1,2005,700,0.34,01Dec2005,01May2008
2,1901533276939000,0,1,2004,714,0.32,01Dec2005,01Jan2006
0,1901533417349000,0,0,2008,710,0.18,01Oct2008,
1,1901534022619000,1,0,2005,661,0.37,01Dec2005,01Jun2009
0,1901534276049000,0,0,2010,781,0.59,01Jan2010,
1,1901534359179000,1,0,2005,721,0.22,01Dec2005,01Jun2006
0,1901535805779000,0,0,2004,713,0.38,01Dec2005,
2,1901536228309000,0,1,2005,813,0.16,01Dec2005,01Nov2011
2,1901539317529000,0,1,2003,698,0.26,01Dec2005,01Nov2008
2,1901544807389000,0,1,2007,778,0.29,01Jul2007,01Mar2009
2,1901545920569000,0,1,2004,772,0.48,01Dec2005,01May2006
0,1901546819039000,0,0,2007,799,0.13,01May2007,
2,1901549359059000,0,1,2006,789,0.25,01Jun2006,01Jul2008
2,1901551236459000,0,1,2005,774,0.28,01Dec2005,01Nov2011
0,1901551636479000,0,0,2003,799,0.05,01Dec2005,
0,1901555079589000,0,0,2004,710,0.21,01Dec2005,
2,1901555171719000,0,1,2004,702,0.29,01Dec2005,01Feb2006
2,1901555239459000,0,1,2006,713,0.24,01May2006,01Sep2006
1,1901555261709000,1,0,2003,645,0.07,01Dec2005,01Aug2009
2,1901555554059000,0,1,2003,710,0.26,01Dec2005,01Jan2006
2,1901555558559000,0,1,2008,789,0.66,01Feb2008,01Jan2011
2,1901556262999000,0,1,2003,624,0.16,01Dec2005,01Apr2007
2,1901556266479000,0,1,2003,712,0.25,01Dec2005,01May2008
2,1901556295229000,0,1,2007,718,0.44,01May2007,01Dec2007
2,1901557171979000,0,1,2003,715,0.29,01Dec2005,01Dec2010
2,1901559373599000,0,1,2005,728,0.3,01Dec2005,01Feb2006
2,1901559512119000,0,1,2005,753,0.38,01Dec2005,01Jul2008
2,1901559776609000,0,1,2007,673,0.39,01Feb2007,01Oct2007
0,1901559871009000,0,0,2003,614,0.16,01Dec2005,
0,1901560319149000,0,0,2007,730,0.34,01Sep2007,
2,1901561242629000,0,1,2005,684,0.35,01Dec2005,01Jan2008
1,1901561712449000,1,0,2004,714,0.41,01Dec2005,01Apr2009
1,1901561773829000,1,0,2004,656,0.41,01Dec2005,01Mar2012
2,1901561775529000,0,1,2004,661,0.18,01Dec2005,01May2007
2,1901561781259000,0,1,2004,718,0.26,01Dec2005,01Sep2006
1,1901561792539000,1,0,2004,750,0.14,01Dec2005,01Jun2009
2,1901561812159000,0,1,2003,764,0.18,01Dec2005,01Feb2007
2,1901562128899000,0,1,2004,724,0.24,01Dec2005,01Oct2011
2,1901562205989000,0,1,2005,810,0.23,01Dec2005,01Nov2006
1,1901564048349000,1,0,2005,659,0.45,01Jan2006,01Mar2011
2,1901564504109000,0,1,2003,783,0.22,01Dec2005,01Aug2006
2,1901564586409000,0,1,2004,657,0.22,01Dec2005,01Nov2006
1,1901564861219000,1,0,2003,718,0.34,01Dec2005,01Sep2007
1,1901564865639000,1,0,2003,726,0.4,01Dec2005,01Sep2007
0,1901565734669000,0,0,2003,774,0.48,01Dec2005,
2,1901565735129000,0,1,2003,756,0.24,01Dec2005,01Apr2008
0,1901565749699000,0,0,2003,733,0.28,01Dec2005,
0,1901565766519000,0,0,2003,673,0.37,01Dec2005,
0,1901566023429000,0,0,2004,806,0.14,01Dec2005,
2,1901566025049000,0,1,2004,673,0.17,01Dec2005,01May2012
2,1901566030639000,0,1,2004,784,0.11,01Dec2005,01Mar2009
0,1901566031369000,0,0,2004,801,0.37,01Dec2005,
2,1901566036169000,0,1,2004,726,0.14,01Dec2005,01May2009
2,1901566159599000,0,1,2004,699,0.14,01Dec2005,01Nov2008
2,1901567049279000,0,1,2005,741,0.26,01Dec2005,01May2007
0,1901567697789000,0,0,2004,772,0.25,01Dec2005,
2,1901568973429000,0,1,2003,,0.23,01Dec2005,01Jul2008
2,1901569071279000,0,1,2003,717,0.23,01Dec2005,01Jul2008
2,1901569074379000,0,1,2003,759,0.12,01Dec2005,01Mar2006
0,1901569077559000,0,0,2007,811,0.24,01Feb2007,
2,1901569086039000,0,1,2004,744,0.07,01Dec2005,01Mar2006
0,1901569097909000,0,0,2004,757,0.09,01Dec2005,
2,1901569115749000,0,1,2004,802,0.24,01Dec2005,01Aug2007
0,1901569494829000,0,0,2006,799,0.33,01Mar2006,
2,1901569647249000,0,1,2007,718,0.19,01Dec2007,01Dec2010
2,1901569770609000,0,1,2006,774,0.47,01Aug2006,01Oct2007
0,1901569770959000,0,0,2006,736,0.24,01Jun2006,
2,1901569894769000,0,1,2008,655,0.21,01Feb2008,01Apr2008
0,1901570701589000,0,0,2003,797,0.04,01Dec2005,
2,1901570710579000,0,1,2003,685,0.39,01Dec2005,01Jul2006
1,1901571418619000,1,0,2003,633,0.34,01Dec2005,01Aug2008
2,1901572817369000,0,1,2006,669,0.46,01Mar2006,01Nov2006
2,1901573570319000,0,1,2005,716,0.23,01Dec2005,01Apr2006
2,1901573578219000,0,1,2004,658,0.22,01Dec2005,01Mar2006
2,1901573626639000,0,1,2006,748,0.35,01Mar2006,01Feb2007
2,1901573635979000,0,1,2005,689,0.52,01Dec2005,01Jun2006
0,1901573648879000,0,0,2005,779,0.28,01Dec2005,
2,1901573800849000,0,1,2006,662,0.27,01May2006,01May2009
2,1901573848029000,0,1,2004,709,0.15,01Dec2005,01Feb2006
1,1901574443769000,1,0,2006,729,0.49,01Jun2006,01Sep2009
2,1901574582889000,0,1,2003,703,0.23,01Dec2005,01May2006
2,1901574600539000,0,1,2003,666,0.28,01Dec2005,01Aug2006
1,1901574665749000,1,0,2005,756,0.47,01Dec2005,01Sep2010
2,1901574690349000,0,1,2006,786,0.35,01Jul2006,01Aug2008
2,1901575187879000,0,1,2004,734,0.3,01Dec2005,01Sep2008
2,1901576038149000,0,1,2004,673,0.15,01Dec2005,01Jun2007
2,1901576212279000,0,1,2005,795,0.25,01Dec2005,01Jan2006
2,1901576299459000,0,1,2005,667,0.38,01Dec2005,01Oct2006
0,1901576486059000,0,0,2007,770,0.62,01Jan2007,
2,1901576493779000,0,1,2007,759,0.22,01Jun2007,01Jan2010
2,1901576709539000,0,1,2004,723,0.25,01Dec2005,01Jun2006
1,1901577590089000,1,0,2007,729,0.16,01Jul2007,01Dec2008
0,1901577787629000,0,0,2004,733,0.19,01Dec2005,
2,1901578115819000,0,1,2004,757,0.08,01Dec2005,01Feb2007
2,1901578227619000,0,1,2003,628,0.32,01Dec2005,01Dec2010
2,1901578248109000,0,1,2004,765,0.24,01Dec2005,01Feb2006
0,1901578250519000,0,0,2004,686,0.37,01Dec2005,
2,1901578269459000,0,1,2004,800,0.25,01Dec2005,01May2006
2,1901579136009000,0,1,2006,722,0.07,01Mar2006,01Sep2010
0,1901579388089000,0,0,2004,776,0.37,01Dec2005,
2,1901579394219000,0,1,2004,775,0.28,01Dec2005,01May2010
1,1901579396189000,1,0,2004,636,0.37,01Dec2005,01Aug2006
2,1901579398129000,0,1,2004,680,0.13,01Dec2005,01Mar2009
1,1901579401609000,1,0,2004,760,0.39,01Dec2005,01Apr2011
2,1901579403309000,0,1,2005,714,0.3,01Dec2005,01Jun2008
2,1901579403579000,0,1,2004,798,0.06,01Dec2005,01Jun2006
2,1901579406599000,0,1,2004,697,0.49,01Dec2005,01Jun2009
0,1901579407139000,0,0,2004,727,0.41,01Dec2005,
2,1901579422289000,0,1,2004,752,0.13,01Dec2005,01Feb2006
2,1901579423099000,0,1,2004,715,0.31,01Dec2005,01Nov2008
2,1901579437399000,0,1,2004,806,0.18,01Dec2005,01Feb2006
2,1901579588849000,0,1,2005,785,0.18,01Dec2005,01Jan2006
0,1901579597329000,0,0,2005,655,0.32,01Dec2005,
2,1901581758329000,0,1,2006,652,0.51,01Apr2006,01Mar2009
2,1901581768989000,0,1,2005,723,0.29,01Dec2005,01Feb2012
2,1901581777899000,0,1,2005,786,0.17,01Dec2005,01Aug2008
2,1901581785809000,0,1,2004,771,0.4,01Dec2005,01Mar2006
2,1901581797229000,0,1,2004,775,0.24,01Dec2005,01Oct2010
2,1901586673289000,0,1,2007,814,0.3,01Mar2007,01Oct2009
0,1901587800199000,0,0,2006,798,0.33,01Mar2006,
1,1901588255949000,1,0,2004,660,0.38,01Dec2005,01Apr2011
0,1901588257809000,0,0,2004,714,0.22,01Dec2005,
1,1901588507699000,1,0,2007,710,0.37,01Aug2007,01Nov2009
1,1901588569969000,1,0,2006,760,0.77,01Nov2006,01Jun2009
2,1901588624579000,0,1,2006,782,0.07,01Mar2006,01Nov2007
1,1901588698939000,1,0,2009,640,0.21,01Feb2009,01Aug2009
0,1901589212409000,0,0,2006,755,0.17,01Jul2006,
2,1901589335919000,0,1,2005,618,0.05,01Dec2005,01Feb2006
0,1901589757749000,0,0,2007,785,0.22,01Mar2007,
2,1901589892019000,0,1,2004,649,0.13,01Dec2005,01Mar2006
1,1901589985619000,1,0,2007,666,0.37,01May2007,01Nov2009
1,1901590066279000,1,0,2006,769,0.04,01Nov2006,01Jan2009
2,1901590447749000,0,1,2005,711,0.27,01Dec2005,01Apr2007
2,1901590843939000,0,1,2005,660,0.22,01Dec2005,01Oct2006
2,1901590970299000,0,1,2005,781,0.6,01Dec2005,01Dec2006
2,1901590989559000,0,1,2004,747,0.12,01Dec2005,01Jul2011
2,1901591242129000,0,1,2005,776,0.51,01Dec2005,01May2010
1,1901591248249000,1,0,2007,740,0.16,01Feb2007,01Nov2011
1,1901591482949000,1,0,2004,741,0.24,01Dec2005,01Aug2009
1,1901591513849000,1,0,2005,734,0.39,01Dec2005,01Mar2011
2,1901591523999000,0,1,2005,657,0.38,01Dec2005,01Jan2010
2,1901591524299000,0,1,2005,790,0.15,01Dec2005,01Jun2010
1,1901591805899000,1,0,2004,738,0.43,01Dec2005,01Nov2006
0,1901591880679000,0,0,2005,760,0.42,01Dec2005,
0,1901591890399000,0,0,2006,758,0.32,01Jul2006,
0,1901591985939000,0,0,2006,768,0.3,01Apr2006,
2,1901592207269000,0,1,2005,791,0.16,01Dec2005,01May2006
0,1901592210219000,0,0,2004,791,0.15,01Dec2005,
2,1901593603829000,0,1,2004,804,0.19,01Dec2005,01Aug2006
0,1901593873619000,0,0,2006,767,0.66,01Jun2006,
2,1901594178809000,0,1,2005,771,0.12,01Dec2005,01Sep2008
2,1901594677139000,0,1,2004,799,0.01,01Dec2005,01Nov2007
1,1901594688259000,1,0,2006,635,0.18,01Apr2006,01Sep2007
0,1901594693419000,0,0,2004,809,0.29,01Dec2005,
2,1901594710609000,0,1,2005,626,0.51,01Dec2005,01Feb2008
2,1901594723189000,0,1,2004,787,0.14,01Dec2005,01Jul2009
2,1901595790239000,0,1,2004,677,0.22,01Dec2005,01Mar2008
0,1901596443809000,0,0,2006,697,0.38,01May2006,
2,1901596474369000,0,1,2007,773,0.21,01Jan2007,01May2009
2,1901596559359000,0,1,2005,710,0.24,01Dec2005,01Jan2006
2,1901597382889000,0,1,2005,757,0.41,01Dec2005,01Dec2010
0,1901597466049000,0,0,2007,774,0.21,01Jun2007,
0,1901597486239000,0,0,2005,790,0.23,01Dec2005,
2,1901597560819000,0,1,2007,685,0.25,01Dec2007,01Sep2008
2,1901597626939000,0,1,2005,809,0.33,01Dec2005,01Jun2008
1,1901598014789000,1,0,2006,709,0.43,01Sep2006,01Feb2010
0,1901598202359000,0,0,2007,766,0.27,01Jul2007,
2,1901598208559000,0,1,2006,777,0.37,01Jun2006,01Apr2007
2,1901598463909000,0,1,2005,686,0.36,01Dec2005,01Dec2009
2,1901598480329000,0,1,2005,763,0.26,01Dec2005,01Nov2006
2,1901598572449000,0,1,2009,671,0.27,01Jan2009,01Dec2009
0,1901599207959000,0,0,2005,762,0.3,01Dec2005,
1,1901599675469000,1,0,2005,705,0.3,01Dec2005,01May2009
0,1901599706449000,0,0,2006,807,0.24,01Aug2006,
2,1901599717569000,0,1,2004,798,0.28,01Dec2005,01Dec2006
0,1901599743219000,0,0,2005,797,0.26,01Dec2005,
2,1901599768129000,0,1,2005,796,0.34,01Dec2005,01Dec2008
2,1901599768209000,0,1,2005,804,0.2,01Dec2005,01May2007
2,1901599773719000,0,1,2005,786,0.36,01Dec2005,01Feb2006
2,1901599785219000,0,1,2005,798,0.24,01Dec2005,01Jan2006
2,2251504812359000,0,1,2000,691,0.33,01Dec2005,01Aug2007
2,2288500332909000,0,1,1996,733,0.13,01Dec2005,01Jan2011
0,2288500861309000,0,0,1998,693,0.4,01Dec2005,
0,2288500964899000,0,0,1998,808,0.61,01Dec2005,
2,2292502245319000,0,1,2000,686,0.4,01Dec2005,01Nov2009
2,2293500251899000,0,1,1994,655,0,01Dec2005,01Apr2006
2,2838500653729000,0,1,2004,736,0.37,01Dec2005,01Mar2008
2,2852500084049000,0,1,1996,687,0.19,01Dec2005,01Apr2006
2,2852501024789000,0,1,1998,654,0.36,01Dec2005,01Jan2006
1,2852501893959000,1,0,2001,692,0.42,01Dec2005,01Jul2010
0,2852502222799000,0,0,2002,621,0.21,01Dec2005,
2,2852502272119000,0,1,1999,702,0.16,01Dec2005,01Aug2008
2,2852502470939000,0,1,2001,754,0.4,01Dec2005,01Mar2008
2,2865500223879000,0,1,1998,650,0.27,01Dec2005,01Dec2007
2,2902500704289000,0,1,2004,790,,01Dec2005,01Jul2007
0,2902500705419000,0,0,2005,717,0.13,01Dec2005,
2,2902501542069000,0,1,1999,709,0.39,01Dec2005,01Feb2007
2,2902502275569000,0,1,2001,690,0.31,01Dec2005,01Jan2007
2,2902503540279000,0,1,2007,729,0.32,01Jan2007,01Sep2007
2,2902504074309000,0,1,2000,800,0.12,01Dec2005,01Jun2008
2,2902504469169000,0,1,2003,761,0.33,01Dec2005,01Apr2006
2,2902504480999000,0,1,2000,645,0.22,01Dec2005,01Aug2010
2,2902504513329000,0,1,2001,778,0.18,01Dec2005,01Jul2009
0,2902504708099000,0,0,2007,706,0.38,01May2007,
0,2902505371139000,0,0,2004,754,0.3,01Dec2005,
2,2902505518769000,0,1,2002,645,0.31,01Dec2005,01Jan2010
0,2902505566739000,0,0,2004,769,0.22,01Dec2005,
1,2902506053569000,1,0,2006,666,0.28,01Aug2006,01Oct2009
1,2902506057399000,1,0,2005,665,0.36,01Dec2005,01May2010
2,2902506062719000,0,1,2005,731,0.33,01Dec2005,01Nov2007
2,2902506089329000,0,1,2002,696,0.37,01Dec2005,01Apr2007
1,2902507226039000,1,0,2005,654,0.09,01Dec2005,01Aug2012
0,2902507333709000,0,0,2003,739,0.19,01Dec2005,
1,2902508470909000,1,0,2007,681,0.16,01Jul2007,01Feb2010
2,2902509266839000,0,1,2004,816,0.3,01Dec2005,01Feb2007
0,2902509709179000,0,0,2003,704,0.19,01Dec2005,
1,2902510498139000,1,0,2006,797,0.36,01Oct2006,01May2010
2,2902510687889000,0,1,2004,684,0.16,01Dec2005,01Nov2011
0,2902512372379000,0,0,2006,760,0.15,01Apr2006,
1,2902513279539000,1,0,2005,652,0.4,01Dec2005,01Jul2009
0,2902514091359000,0,0,2006,775,0.25,01Jun2006,
0,2902514804929000,0,0,2006,747,0.62,01Jun2006,
0,2902514840809000,0,0,2003,734,0.37,01Dec2005,
2,2902515786629000,0,1,2004,796,0.19,01Dec2005,01Jun2006
1,2902516535409000,1,0,2006,774,0.41,01Apr2006,01Nov2009
2,2902516565909000,0,1,2002,767,0.41,01Dec2005,01Apr2008
2,2902516568769000,0,1,2004,781,0.35,01Dec2005,01Jul2009
2,2902516715739000,0,1,2007,789,0.31,01Oct2007,01Jul2011
2,2902516736069000,0,1,2002,632,0.37,01Dec2005,01Oct2007
2,2902516919149000,0,1,2005,690,0.42,01Dec2005,01Mar2008
2,2902516921049000,0,1,2004,672,0.31,01Dec2005,01Mar2007
2,2902517561299000,0,1,2008,692,0.3,01Jun2008,01Sep2010
2,2902519466299000,0,1,2008,785,0.17,01Aug2008,01Jun2009
2,2902519489159000,0,1,2003,726,0.39,01Dec2005,01May2006
2,2902519499389000,0,1,2004,720,0.31,01Dec2005,01Oct2006
2,2902519512669000,0,1,2006,669,0.33,01Feb2006,01Mar2006
2,2902519670309000,0,1,2004,800,0.3,01Dec2005,01Mar2008
0,2902520351159000,0,0,2004,795,0.35,01Dec2005,
1,2902521192119000,1,0,2004,728,0.29,01Dec2005,01Jun2009
2,2902521667409000,0,1,2003,744,0.36,01Dec2005,01Feb2006
0,2902521845369000,0,0,2003,790,0.09,01Dec2005,
2,2902521852739000,0,1,2005,632,0.29,01Dec2005,01Oct2007
0,2902522241479000,0,0,2006,729,0.15,01Dec2006,
2,2902523057919000,0,1,2006,796,0.2,01Mar2006,01Aug2008
0,2902523100279000,0,0,2005,606,0.1,01Dec2005,
2,2902523345549000,0,1,2004,756,0.28,01Dec2005,01Mar2006
1,2902523511739000,1,0,2005,689,0.32,01Dec2005,01Aug2008
2,2902523833349000,0,1,2006,755,0.37,01Jan2006,01Aug2007
2,2902523895029000,0,1,2006,780,0.4,01Sep2006,01Aug2011
1,2902523898129000,1,0,2006,744,0.26,01Aug2006,01Nov2009
2,2902524017669000,0,1,2006,802,0.12,01Jul2006,01Jan2007
2,2902524045449000,0,1,2005,706,0.38,01Dec2005,01Sep2008
2,2902524073499000,0,1,2004,797,0.25,01Dec2005,01Feb2012
2,2902524077489000,0,1,2007,763,0.7,01Apr2007,01Dec2007
2,2902524087959000,0,1,2004,744,0.3,01Dec2005,01Sep2007
2,2902528608099000,0,1,2006,802,0.21,01Sep2006,01Jun2010
1,2902530262849000,1,0,2006,706,0.34,01Apr2006,01May2009
0,2902530854189000,0,0,2005,707,0.36,01Dec2005,
2,2902530944769000,0,1,2007,799,0.08,01Jun2007,01Sep2009
0,2902531043829000,0,0,2007,671,0.16,01Feb2007,
2,2902531050289000,0,1,2005,743,0.25,01Dec2005,01Apr2006
2,2902531051689000,0,1,2005,724,0.17,01Dec2005,01Mar2008
2,2902531055679000,0,1,2005,800,0.29,01Dec2005,01May2008
2,2902531056569000,0,1,2005,684,0.37,01Dec2005,01Feb2007
2,2902531281179000,0,1,2004,761,0.29,01Dec2005,01Dec2006
0,2902532269769000,0,0,2004,612,0.23,01Dec2005,
1,2902532522099000,1,0,2006,775,0.37,01May2006,01Jul2010
2,2902532522419000,0,1,2006,758,0.42,01Apr2006,01May2006
2,2902532527219000,0,1,2005,789,0.37,01Dec2005,01Mar2007
2,2902532802379000,0,1,2005,754,0.4,01Dec2005,01Feb2007
1,2902532918759000,1,0,2006,593,0.39,01Nov2006,01Feb2009
1,2902533202049000,1,0,2006,663,0.24,01Jun2006,01Sep2009
2,2902533231309000,0,1,2005,755,0.3,01Dec2005,01Feb2007
2,2902533459329000,0,1,2006,719,0.4,01Jun2006,01Jan2007
2,2902533491999000,0,1,2005,770,0.28,01Dec2005,01Apr2009
2,2902534579869000,0,1,2007,796,0.09,01Jun2007,01Apr2012
2,2902534628909000,0,1,2005,784,0.23,01Dec2005,01Feb2010
0,2902535153079000,0,0,2006,756,0.31,01Nov2006,
0,2902535207939000,0,0,2007,653,0.27,01Jan2007,
2,2902535659169000,0,1,2007,730,0.24,01Jan2007,01Jul2008
1,2902536033549000,1,0,2008,807,0.11,01Mar2008,01Jul2009
0,2902536586129000,0,0,2009,801,0.41,01Aug2009,
1,2902537056379000,1,0,2006,688,0.09,01Jun2006,01Jun2009
2,2902537068979000,0,1,2007,788,0.19,01Dec2007,01Jan2011
0,2902537084829000,0,0,2007,639,0.11,01May2007,
0,2902537088579000,0,0,2006,779,0.11,01Aug2006,
2,2902537503229000,0,1,2006,691,0.51,01Nov2006,01Nov2009
1,2902537924919000,1,0,2007,812,0.47,01Feb2007,01Apr2012
1,2902538682779000,1,0,2006,765,0.31,01Oct2006,01Jul2010
2,2902539099929000,0,1,2006,797,0.14,01Oct2006,01Jun2007
2,2902539818639000,0,1,2007,795,0.42,01Dec2007,01Apr2008
2,2902539822749000,0,1,2007,809,0.2,01Dec2007,01Oct2008
2,2902540351129000,0,1,2007,719,0.15,01Jul2007,01Jul2010
2,2902540394019000,0,1,2006,656,0.36,01Nov2006,01Apr2011
0,2902543513409000,0,0,2007,648,0.34,01Aug2007,
2,2902543870519000,0,1,2007,806,0.15,01Jul2007,01May2008
0,2902544032009000,0,0,2008,590,0.31,01Mar2008,
0,2902544062779000,0,0,2012,758,0.24,01May2012,
0,2902544749309000,0,0,2007,753,0.22,01Oct2007,
2,2902546322699000,0,1,2009,704,0.4,01Apr2009,01Jun2009
2,2902546358618000,0,1,2007,,0,01Aug2007,01Jan2010
1,2902546642688000,1,0,2005,0,0,01Aug2007,01May2011
2,2902546665468000,0,1,2005,0,0,01Aug2007,01Nov2007
2,2902546672678000,0,1,2006,0,0,01Aug2007,01Jun2008
0,2902547152299000,0,0,2009,800,0.16,01May2009,
0,2902548151269000,0,0,2012,768,0.31,01Aug2012,
0,2902550958289000,0,0,2009,714,0.26,01Sep2009,
0,2902552069219000,0,0,2009,679,0.29,01Oct2009,
2,3871502920019000,0,1,2007,802,0.22,01Aug2007,01Oct2011
0,3871503441179000,0,0,2008,771,0.17,01Jun2008,
1,3871504729489000,1,0,2007,732,0.39,01Mar2007,01Jul2010
2,3871508443069000,0,1,2007,811,0.12,01Jun2007,01Oct2007
2,3871508657379000,0,1,2008,783,0.36,01Jan2008,01Jun2010
0,3871509606329000,0,0,2007,716,0.29,01Jul2007,
2,3871516394639000,0,1,2008,748,0.41,01Apr2008,01Nov2009
0,3871529541339000,0,0,2008,809,0.3,01Apr2008,
2,3871529636639000,0,1,2008,759,0.27,01Oct2008,01Jan2009
0,3871533154529000,0,0,2011,698,0.5,01Jul2011,
0,3871540506819000,0,0,2010,795,0.25,01Aug2010,
0,3872500802159000,0,0,2001,749,0.29,01Dec2005,
2,3879500724069000,0,1,2006,689,0.48,01Jan2006,01Aug2006
2,3903501527089000,0,1,2002,621,0.43,01Dec2005,01Jan2008
2,3903501663699000,0,1,2001,704,0.21,01Dec2005,01Jun2006
1,3903501910619000,1,0,2007,794,0.29,01May2007,01Mar2010
2,3903501994969000,0,1,2002,773,,01Dec2005,01Jul2007
2,3903504218579000,0,1,2004,728,0.31,01Dec2005,01May2009
2,3903505203919000,0,1,2005,665,0.36,01Dec2005,01Sep2006
2,3903505306649000,0,1,2000,672,0.35,01Dec2005,01Feb2006
2,3903506460939000,0,1,2007,771,0.29,01Feb2007,01Feb2008
2,3903508429769000,0,1,2006,813,0.11,01May2006,01Jan2011
2,3903508465219000,0,1,2003,778,0.13,01Dec2005,01Apr2006
2,3903508490599000,0,1,2004,774,0.35,01Dec2005,01Dec2008
2,3903508510299000,0,1,2004,740,0.41,01Dec2005,01Oct2006
0,3903511114449000,0,0,2004,678,0.16,01Dec2005,
0,3903511350259000,0,0,2006,702,0.41,01Mar2006,
1,3903512026609000,1,0,2003,694,0.22,01Dec2005,01Jun2009
2,3903513107499000,0,1,2001,697,0.21,01Dec2005,01Aug2006
2,3903513117969000,0,1,2002,667,0.29,01Dec2005,01Jun2006
2,3903514973859000,0,1,2007,711,0.27,01Mar2007,01Sep2007
0,3903515621369000,0,0,2003,730,0.31,01Dec2005,
2,3903520698599000,0,1,2005,750,0.24,01Dec2005,01Mar2007
0,3903520702619000,0,0,2003,801,0.38,01Dec2005,
2,3903523919399000,0,1,2003,767,0.43,01Dec2005,01Apr2006
1,3903523996979000,1,0,2002,769,0.29,01Dec2005,01Apr2006
2,3903524780159000,0,1,2005,756,0.43,01Dec2005,01Sep2011
2,3903525061249000,0,1,2009,807,0.2,01Jul2009,01Jan2011
2,3903527974639000,0,1,2004,680,0.36,01Dec2005,01Apr2007
0,3903528776539000,0,0,2002,707,0.38,01Dec2005,
2,3903528954499000,0,1,2003,714,0.19,01Dec2005,01Dec2008
2,3903529860379000,0,1,2003,682,0.37,01Dec2005,01Mar2007
0,3903529967849000,0,0,2005,767,0.08,01Dec2005,
2,3903531068559000,0,1,2009,666,0.2,01Sep2009,01Jan2012
0,3903539587469000,0,0,2006,730,0.36,01Aug2006,
1,3903540196629000,1,0,2007,712,0.12,01Mar2007,01Aug2010
0,3903541731229000,0,0,2008,747,0.26,01Jun2008,
2,3903542121019000,0,1,2003,680,0.26,01Dec2005,01Jul2006
2,3903542122849000,0,1,2003,782,0.23,01Dec2005,01Mar2012
2,3903542685499000,0,1,2003,770,0.26,01Dec2005,01Apr2006
2,3903542703149000,0,1,2005,771,0.18,01Dec2005,01Sep2007
2,3903542772469000,0,1,2003,797,0.17,01Dec2005,01Sep2006
2,3903543772599000,0,1,2007,616,0.08,01Feb2007,01Jan2012
2,3903544423879000,0,1,2007,808,0.23,01Apr2007,01May2008
0,3903544518239000,0,0,2004,750,0.33,01Dec2005,
2,3903544543699000,0,1,2003,778,0.39,01Dec2005,01Mar2006
0,3903545768399000,0,0,2008,751,0.26,01Jan2008,
0,3903546214869000,0,0,2004,758,0.23,01Dec2005,
2,3903546217889000,0,1,2004,783,0.17,01Dec2005,01Apr2009
1,3903547060909000,1,0,2005,662,0.58,01Dec2005,01Aug2010
2,3903547103499000,0,1,2006,650,0.28,01Aug2006,01May2008
2,3903548472479000,0,1,2004,731,0.22,01Dec2005,01Oct2009
2,3903549674479000,0,1,2005,794,0.32,01Dec2005,01Aug2006
0,3903551075229000,0,0,2007,693,0.39,01May2007,
2,3903551861129000,0,1,2005,741,0.51,01Dec2005,01Dec2006
2,3903553857009000,0,1,2005,782,0.31,01Dec2005,01Aug2007
0,3903556515409000,0,0,2006,765,0.22,01Oct2006,
2,3903557418099000,0,1,2004,748,0.19,01Dec2005,01Aug2008
2,3903558721219000,0,1,2006,790,0.24,01Sep2006,01Jan2007
1,3903562235429000,1,0,2004,693,0.35,01Dec2005,01Jun2009
2,3903570186919000,0,1,2004,731,0.14,01Dec2005,01Aug2008
2,3903573109539000,0,1,2005,806,0.2,01Dec2005,01May2009
2,3903574560959000,0,1,2005,541,0.17,01Dec2005,01Jul2006
2,3903575461839000,0,1,2007,699,0.32,01Dec2007,01Jun2008
2,3903576822819000,0,1,2006,805,0.27,01Jan2006,01Apr2006
2,3903578859729000,0,1,2004,775,0.2,01Dec2005,01Jul2009
0,3903579836649000,0,0,2007,730,0.41,01Dec2007,
2,3903580452779000,0,1,2005,784,0.44,01Dec2005,01Jan2006
0,3903580919029000,0,0,2004,773,0.32,01Dec2005,
0,3903582520199000,0,0,2005,665,0.18,01Dec2005,
2,3903583383399000,0,1,2004,670,0.26,01Dec2005,01Oct2006
1,3903583443129000,1,0,2007,763,0.38,01Mar2007,01Mar2009
2,3903583775559000,0,1,2006,686,0.33,01Dec2006,01Sep2007
0,3903585474429000,0,0,2009,731,0.17,01May2009,
2,3903586434339000,0,1,2006,674,0.39,01Mar2006,01May2008
1,3903589362289000,1,0,2005,607,0.37,01Dec2005,01Jun2006
2,3903589656789000,0,1,2009,721,0.17,01Jun2009,01Apr2011
2,3903591152449000,0,1,2006,769,0.24,01Jan2006,01Jun2007
2,3903596698869000,0,1,2006,702,0.3,01Apr2006,01Apr2007
0,3903597921739000,0,0,2008,784,0.24,01Oct2008,
2,3903597931109000,0,1,2008,712,0.4,01Nov2008,01Dec2011
0,4904500144359000,0,0,2006,687,0.28,01Jun2006,
2,4904500383509000,0,1,2001,779,0.32,01Dec2005,01Jun2007
2,4904500585809000,0,1,2005,692,0.31,01Dec2005,01Aug2008
2,4904500891419000,0,1,2004,740,0.27,01Dec2005,01May2006
0,4904509686689000,0,0,2004,748,0.19,01Dec2005,
2,4904509749359000,0,1,2006,700,0.42,01Feb2006,01Nov2010
0,4904510434989000,0,0,2004,757,0.35,01Dec2005,
2,4904510512459000,0,1,2005,746,0.13,01Dec2005,01Feb2008
0,4904510617559000,0,0,2005,757,0.35,01Dec2005,
2,4904511213169000,0,1,2004,702,0.4,01Dec2005,01Dec2007
2,4904511548939000,0,1,2002,692,0.19,01Dec2005,01May2009
0,4904511724929000,0,0,2007,720,0.06,01Aug2007,
1,4904511911369000,1,0,2006,728,0.51,01Feb2006,01Sep2009
0,4904512189569000,0,0,2007,655,0.34,01Apr2007,
1,4904512872819000,1,0,2006,785,0.93,01Nov2006,01Nov2009
2,4904514676469000,0,1,2002,681,0.41,01Dec2005,01Jun2007
2,4904516526648000,0,1,1997,,0,01Dec2005,01Mar2011
2,4904516672038000,0,1,1998,,0,01Dec2005,01Aug2006
0,4904518136259000,0,0,2003,798,0.36,01Dec2005,
2,4904519356669000,0,1,2006,703,0.18,01Sep2006,01Jun2009
2,4904519470879000,0,1,2004,695,0.41,01Dec2005,01Apr2012
1,4904519867679000,1,0,2004,623,0.3,01Dec2005,01Mar2012
0,4904519893089000,0,0,2004,764,0.17,01Dec2005,
2,4904520100709000,0,1,2005,698,0.43,01Dec2005,01Aug2006
2,4904520157068000,0,1,2001,,0,01Dec2005,01Jul2006
2,4904521264279000,0,1,2003,799,0.24,01Dec2005,01Jan2007
0,4904521409189000,0,0,2003,750,0.27,01Dec2005,
2,4904521434459000,0,1,2006,682,0.4,01Mar2006,01Jan2007
2,4904521927729000,0,1,2003,696,0.17,01Dec2005,01Jul2010
1,4904521986659000,1,0,2007,710,0.36,01Mar2007,01Mar2010
0,4904522015349000,0,0,2007,779,0.33,01Apr2007,
0,4904522053359000,0,0,2005,760,0.42,01Dec2005,
1,4904523404619000,1,0,2007,736,0.29,01Jun2007,01Sep2009
2,4904523562879000,0,1,2005,767,0.18,01Dec2005,01Mar2009
0,4904528792989000,0,0,2006,755,0.63,01Dec2006,
2,4904529729139000,0,1,2004,769,0.27,01Dec2005,01Feb2011
2,4904529943219000,0,1,2004,785,0.11,01Dec2005,01Aug2009
0,4904529961629000,0,0,2005,699,0.2,01Dec2005,
0,4904529962199000,0,0,2005,718,0.28,01Dec2005,
0,4904529970379000,0,0,2005,785,0.25,01Dec2005,
2,4904529981659000,0,1,2005,706,0.24,01Dec2005,01Aug2011
1,4904529989049000,1,0,2004,752,0.25,01Dec2005,01May2010
2,4904532351229000,0,1,2007,714,0.21,01Nov2007,01Jun2010
2,4904532528419000,0,1,2006,684,0.29,01Mar2006,01Jan2008
0,4904532948389000,0,0,2009,714,0.34,01Jul2009,
1,4904533264629000,1,0,2006,583,0.33,01Jun2006,01Apr2008
2,4904533287169000,0,1,2006,782,0.3,01Oct2006,01Dec2006
2,4904533288569000,0,1,2006,807,0.31,01Nov2006,01Apr2009
2,4904533354889000,0,1,2006,708,0.3,01Oct2006,01Mar2007
1,4904533356159000,1,0,2006,698,0.09,01Aug2006,01Aug2009
2,4904534118779000,0,1,2005,680,0.12,01Dec2005,01Feb2009
2,4904534185459000,0,1,2005,731,0.31,01Dec2005,01Mar2006
2,4904534191779000,0,1,2005,809,0.22,01Dec2005,01Sep2007
0,4904534195339000,0,0,2005,741,0.35,01Dec2005,
0,4904534206989000,0,0,2006,736,0.32,01May2006,
0,4904534209499000,0,0,2006,792,0.18,01Jul2006,
1,4904534236119000,1,0,2007,700,0.48,01May2007,01Dec2008
0,4904534885949000,0,0,2007,718,0.4,01Jul2007,
0,4904534925759000,0,0,2008,682,0.43,01Apr2008,
1,4904535093709000,1,0,2007,581,0.15,01Apr2007,01May2009
0,4904535587549000,0,0,2011,662,0.23,01May2011,
1,4904535624259000,1,0,2006,609,0.25,01Jul2006,01Jun2009
0,4904537144629000,0,0,2007,757,0.09,01Feb2007,
1,4904537164309000,1,0,2007,735,0.21,01Nov2007,01Jun2009
2,4904537239339000,0,1,2007,790,0.19,01Aug2007,01Jun2012
1,4904537942109000,1,0,2007,680,0.33,01Jun2007,01Nov2009
1,4904537981519000,1,0,2007,736,0.32,01May2007,01Feb2009
1,4904537989179000,1,0,2007,793,0.39,01May2007,01Aug2012
2,4904538257879000,0,1,2007,803,0.21,01Jun2007,01Mar2010
0,4904548398709000,0,0,2010,663,0.26,01Sep2010,
2,4904549176189000,0,1,2008,720,0.4,01May2008,01Nov2010
2,4904549691119000,0,1,2008,738,0.24,01Apr2008,01May2012
2,4904552187489000,0,1,2009,714,0.1,01Dec2009,01Oct2010
0,503913500103909000,0,0,2003,775,0.19,01Dec2005,
2,503913500412459000,0,1,2002,684,0.23,01Dec2005,01Jul2006
2,503913500895079000,0,1,2002,677,0.26,01Dec2005,01Mar2007
1,503913500901579000,1,0,2003,563,0.25,01Dec2005,01Jun2009
2,503913500903949000,0,1,2004,715,0.36,01Dec2005,01Aug2006
2,503913500904919000,0,1,2004,618,0.3,01Dec2005,01Feb2009
2,503913501245749000,0,1,2004,791,0.28,01Dec2005,01Nov2006
2,503913501249149000,0,1,2005,791,0.24,01Dec2005,01Oct2009
1,503913501280309000,1,0,2007,750,0.42,01Feb2007,01May2009
2,503913501304349000,0,1,2005,783,0.17,01Dec2005,01Apr2006
2,503913501446139000,0,1,2007,803,0.27,01Jul2007,01Apr2009
0,503913501604739000,0,0,2003,735,0.34,01Dec2005,
2,503913501607919000,0,1,2006,769,0.37,01Apr2006,01Feb2008
0,503913501623879000,0,0,2007,790,0.21,01May2007,
1,503913501744749000,1,0,2002,652,0.25,01Dec2005,01Dec2008
2,503913502256729000,0,1,2004,699,0.35,01Dec2005,01Feb2007
2,503913503548639000,0,1,2006,717,0.39,01Oct2006,01Oct2007
0,503913503569719000,0,0,2005,797,0.12,01Dec2005,
2,503913503576339000,0,1,2005,639,0.17,01Dec2005,01Aug2006
2,503913503660479000,0,1,2002,718,0.38,01Dec2005,01May2011
2,503913503859639000,0,1,2006,796,0.5,01Sep2006,01Sep2008
2,503913504227028000,0,1,2000,,0,01Dec2005,01Oct2010
1,503913505558779000,1,0,2003,738,0.22,01Dec2005,01Oct2007
2,503913505596199000,0,1,2003,798,0.38,01Dec2005,01Feb2012
0,503913505657089000,0,0,2003,802,0.14,01Dec2005,
2,503913505744139000,0,1,2004,752,0.25,01Dec2005,01Mar2007
2,503913505756229000,0,1,2006,783,0.32,01Nov2006,01Aug2007
2,503913505758789000,0,1,2005,788,0.32,01Dec2005,01Apr2007
0,503913505772779000,0,0,2003,626,0.36,01Dec2005,
0,503913505774559000,0,0,2003,770,0.1,01Dec2005,
2,503913505940319000,0,1,2005,687,0.43,01Dec2005,01Sep2007
2,503913505948649000,0,1,2005,774,0.32,01Dec2005,01Sep2006
0,503913505950629000,0,0,2005,661,0.18,01Dec2005,
2,503913506218109000,0,1,2005,743,0.31,01Dec2005,01Feb2011
2,503913506223459000,0,1,2005,801,0.21,01Dec2005,01Oct2010
0,503913514362199000,0,0,2004,803,0.24,01Dec2005,
0,503913514366509000,0,0,2004,746,0.21,01Dec2005,
2,503913514367669000,0,1,2004,751,0.25,01Dec2005,01Oct2006
2,503913514373479000,0,1,2004,763,0.21,01Dec2005,01Mar2011
0,503913514386299000,0,0,2004,802,0.63,01Dec2005,
1,503913514388749000,1,0,2004,749,0.32,01Dec2005,01Aug2009
1,503913514454639000,1,0,2006,755,0.33,01Dec2006,01Aug2008
1,503913514456419000,1,0,2007,785,0.21,01Jan2007,01Apr2009
0,503913514467889000,0,0,2006,731,0.2,01Sep2006,
0,503913514468269000,0,0,2006,775,0.42,01Aug2006,
2,503913516601949000,0,1,2004,816,0.22,01Dec2005,01Nov2007
2,503913516609339000,0,1,2005,814,0.25,01Dec2005,01Apr2007
2,503913516612129000,0,1,2005,745,0.28,01Dec2005,01Oct2006
1,503913516633989000,1,0,2005,749,0.47,01Dec2005,01Nov2010
2,503913516636229000,0,1,2005,672,0.09,01Dec2005,01Dec2007
0,503913517231969000,0,0,2005,791,0.29,01Dec2005,
2,503913517264709000,0,1,2005,789,0.27,01Dec2005,01Nov2006
2,503913517270949000,0,1,2006,705,0.38,01May2006,01May2008
1,503913517275079000,1,0,2006,775,0.36,01Oct2006,01Oct2011
2,503913517292089000,0,1,2007,787,0.21,01May2007,01Jun2008
2,503913517296589000,0,1,2006,808,0.05,01Aug2006,01Apr2009
1,503913517316799000,1,0,2005,702,0.31,01Dec2005,01Jul2007
1,503913517327569000,1,0,2005,750,0.17,01Dec2005,01Jan2009
1,503913517346279000,1,0,2005,689,0.27,01Dec2005,01Jun2009
1,503913517350629000,1,0,2005,732,0.46,01Dec2005,01May2010
2,503913517357989000,0,1,2006,786,0.15,01Apr2006,01Dec2007
0,503913517362209000,0,0,2005,813,0.19,01Dec2005,
0,503913517362719000,0,0,2006,804,0.15,01Dec2006,
2,503913517368679000,0,1,2005,744,0.63,01Dec2005,01Jan2012
2,503913517377829000,0,1,2008,814,0.18,01Sep2008,01Nov2009
0,503913517406199000,0,0,2008,700,0.38,01Feb2008,
0,503913517465959000,0,0,2005,808,0.2,01Dec2005,
2,503913517469359000,0,1,2005,718,0.21,01Dec2005,01Sep2009
2,503913517967629000,0,1,2006,782,0.24,01Feb2006,01Dec2010
1,503913517991769000,1,0,2005,654,0.39,01Dec2005,01Jan2009
1,503913517992659000,1,0,2005,761,0.4,01Dec2005,01Dec2010
2,503913518012869000,0,1,2006,805,0.16,01Sep2006,01Nov2006
2,503913518091129000,0,1,2005,710,0.06,01Dec2005,01Nov2008
0,503913519534189000,0,0,2006,740,0.25,01Aug2006,
0,503913519534349000,0,0,2006,749,0.27,01Jul2006,
1,503913519547409000,1,0,2006,704,0.31,01Oct2006,01Oct2009
2,503913519553999000,0,1,2007,783,0.04,01Sep2007,01Mar2010
0,503913519583399000,0,0,2006,710,0.07,01Jul2006,
0,503913519608999000,0,0,2006,765,0.32,01May2006,
2,503913519619339000,0,1,2006,730,0.39,01Sep2006,01Mar2008
0,503913519704799000,0,0,2006,716,0.27,01Dec2006,
0,503913519707039000,0,0,2006,771,0.24,01Oct2006,
0,503913519741219000,0,0,2006,750,0.3,01Jul2006,
2,503913521077829000,0,1,2006,703,0.08,01Sep2006,01Sep2007
0,503913521154839000,0,0,2007,786,0.23,01Apr2007,
0,503913521159719000,0,0,2007,695,0.25,01May2007,
0,503913521171339000,0,0,2006,717,0.55,01Oct2006,
2,503913521176139000,0,1,2006,793,0.06,01Aug2006,01Jul2011
1,503913521970809000,1,0,2007,727,0.22,01Mar2007,01Mar2010
1,503913522572299000,1,0,2007,670,0.37,01Oct2007,01Oct2010
2,503913523477089000,0,1,2007,775,0.31,01Feb2007,01Apr2012
2,503913523487049000,0,1,2007,746,0.35,01May2007,01Mar2011
2,503913523489339000,0,1,2007,718,0.34,01Aug2007,01Dec2008
2,503913523664009000,0,1,2008,701,0.23,01Apr2008,01Oct2009
0,503913526256789000,0,0,2010,663,0.12,01Dec2010,
2,504914500508708000,0,1,1998,,0,01Dec2005,01Oct2006
2,504914501451389000,0,1,2007,654,0.51,01Sep2007,01Oct2010
1,504914502347509000,1,0,2008,784,0.3,01Apr2008,01Jun2011
0,506916501032379000,0,0,2006,803,0.3,01Feb2006,
0,506916501221429000,0,0,2004,702,0.31,01Dec2005,
1,506916501478119000,1,0,2005,634,0.2,01Dec2005,01Jan2010
1,506916502640879000,1,0,2005,803,0.13,01Dec2005,01Oct2010
2,506916502656609000,0,1,2005,802,0.25,01Dec2005,01May2007
1,506916502657259000,1,0,2005,754,0.36,01Dec2005,01Dec2009
1,506916502660639000,1,0,2006,728,0.4,01Jan2006,01Jun2008
1,506916502662099000,1,0,2005,715,0.24,01Dec2005,01Jun2009
0,506916502664039000,0,0,2005,740,0.21,01Jan2006,
1,506916502776349000,1,0,2005,722,0.2,01Dec2005,01Aug2007
2,506916502823609000,0,1,2007,734,0.44,01Oct2007,01Sep2009
2,506916503612799000,0,1,2007,762,0.56,01Sep2007,01Feb2011
1,506916503614309000,1,0,2008,717,0.34,01Feb2008,01Feb2010
2,506916504142839000,0,1,2005,765,0.23,01Dec2005,01Mar2007
2,506916504522159000,0,1,2005,810,0.2,01Dec2005,01Mar2012
1,506916505689499000,1,0,2006,707,0.44,01Feb2006,01Jan2008
1,506916506265669000,1,0,2008,613,0.28,01Jan2008,01Nov2008
0,506916506354849000,0,0,2006,701,0.25,01Feb2006,
0,506916506362279000,0,0,2005,763,0.33,01Dec2005,
2,506916506365459000,0,1,2005,692,0.27,01Dec2005,01May2011
0,506916509676819000,0,0,2006,735,0.44,01Jun2006,
0,506916509959879000,0,0,2005,700,0.34,01Dec2005,
0,506916510010559000,0,0,2005,764,0.26,01Dec2005,
2,506916511306109000,0,1,2007,742,0.29,01Oct2007,01Aug2012
1,506916511469409000,1,0,2006,695,0.13,01Oct2006,01Feb2010
1,506916511502399000,1,0,2006,768,0.67,01Jul2006,01May2011
1,506916511557539000,1,0,2006,779,0.38,01Dec2006,01Nov2009
0,506916511764169000,0,0,2009,740,0.32,01Apr2009,
1,506916512570769000,1,0,2006,751,0.39,01May2006,01Sep2010
0,506916512638239000,0,0,2006,787,0.07,01Sep2006,
2,506916512639129000,0,1,2006,758,0.28,01Sep2006,01Sep2011
1,506916513140539000,1,0,2007,784,0.09,01Aug2007,01Sep2012
1,506916513878839000,1,0,2007,612,0.17,01Oct2007,01Aug2010
0,506916514451829000,0,0,2006,659,0.66,01Oct2006,
0,506916514478869000,0,0,2011,804,0.22,01Jul2011,
1,506916514538789000,1,0,2007,728,0.24,01Aug2007,01Sep2009
2,506916514540099000,0,1,2007,584,0.1,01Mar2007,01Aug2011
2,506916521445189000,0,1,2009,694,0.21,01Nov2009,01Oct2010
2,5905501958539000,0,1,2000,695,0.36,01Dec2005,01Feb2006
2,5905504099509000,0,1,2005,747,0.13,01Dec2005,01Jul2009
2,5905504300039000,0,1,2005,746,0.27,01Dec2005,01Jun2011
2,5905504859249000,0,1,2003,748,0.25,01Dec2005,01Jun2007
1,5905505190559000,1,0,2002,637,0.19,01Dec2005,01Jun2009
2,5905512035239000,0,1,2003,713,0.23,01Dec2005,01Feb2010
1,5905513178719000,1,0,2008,699,0.34,01Apr2008,01May2010
1,5905516251429000,1,0,2006,688,0.28,01Feb2006,01May2010
2,5905524872829000,0,1,2005,809,0.18,01Dec2005,01May2010
0,5905535040249000,0,0,2008,728,0.33,01May2008,
0,5905535644509000,0,0,2007,670,0.22,01Aug2007,
0,5905539328409000,0,0,2010,732,0.36,01Jun2010,
2,7907501076598000,0,1,1999,,0,01Dec2005,01Mar2006
2,7907502421579000,0,1,2002,724,0.31,01Dec2005,01Dec2006
1,7907502449079000,1,0,2003,672,0.54,01Dec2005,01Sep2007
0,7907502677539000,0,0,2004,767,0.25,01Dec2005,
0,7907502678699000,0,0,2012,775,0.13,01Jan2012,
2,7907503668329000,0,1,2005,783,0.14,01Dec2005,01Aug2008
2,7907504371289000,0,1,2004,769,0.16,01Dec2005,01Jul2006
2,7907506152719000,0,1,2006,765,0.4,01Apr2006,01Oct2007
2,7907513272969000,0,1,2006,740,0.24,01Jun2006,01Feb2008
2,7907514517879000,0,1,2005,671,0.13,01Dec2005,01Apr2006
0,7907514748179000,0,0,2001,765,0.11,01Dec2005,
0,7907516065439000,0,0,2003,720,0.28,01Dec2005,
2,7907517456089000,0,1,2005,667,0.21,01Dec2005,01May2010
1,7907517796699010,1,0,2007,702,0.43,01Aug2007,01Jun2009
2,7907517814939000,0,1,2005,761,0.16,01Dec2005,01Jul2010
2,7907519524179000,0,1,2005,693,0.33,01Dec2005,01Mar2010
0,7907522315869000,0,0,2005,814,0.14,01Dec2005,
2,7907522868609000,0,1,2006,788,0.32,01May2006,01Aug2006
1,7907524019619000,1,0,2007,706,0.13,01Mar2007,01Mar2010
2,7907524047159000,0,1,2004,718,0.37,01Dec2005,01Sep2006
0,7907524108989000,0,0,2003,721,0.2,01Dec2005,
2,7907525058139000,0,1,2002,688,0.2,01Dec2005,01Sep2008
2,7907526550179000,0,1,2004,730,0.43,01Dec2005,01Feb2010
0,7907527547089000,0,0,2003,777,0.15,01Dec2005,
2,7907527555509000,0,1,2003,798,0.15,01Dec2005,01Sep2009
2,7907527707979000,0,1,2004,644,0.3,01Dec2005,01May2011
0,7907528284349000,0,0,2009,709,0.1,01Dec2009,
1,7907529103009000,1,0,2003,754,0.29,01Dec2005,01May2010
2,7907529106459000,0,1,2004,694,0.29,01Dec2005,01Jan2008
2,7907529581849000,0,1,2005,725,0.15,01Dec2005,01Apr2009
2,7907529613559000,0,1,2004,672,0.35,01Dec2005,01Feb2006
2,7907530035369000,0,1,2004,663,,01Dec2005,01Jul2007
2,7907530043899000,0,1,2004,793,0.14,01Dec2005,01Aug2009
2,7907532711589000,0,1,2004,691,0.25,01Dec2005,01Feb2007
2,7907533610929000,0,1,2008,755,0.2,01May2008,01Jan2011
0,7907533678649000,0,0,2007,685,0.33,01Nov2007,
2,7907535166229000,0,1,2004,770,0.12,01Dec2005,01Jun2006
1,7907535434849000,1,0,2005,709,0.34,01Dec2005,01Feb2007
2,7907535861169000,0,1,2006,745,0.37,01Jun2006,01Oct2006
2,7907536440359000,0,1,2006,688,0.31,01Jan2007,01Mar2010
2,7907537450449000,0,1,2005,773,0.13,01Dec2005,01Oct2010
2,7907538132449000,0,1,2007,746,0.4,01Jun2007,01Jun2012
0,7907538137919000,0,0,2005,784,0.22,01Dec2005,
2,7907539125019000,0,1,2007,787,0.13,01Oct2007,01Jan2008
0,7907539129949000,0,0,2007,698,0.22,01Nov2007,
2,7907539290139000,0,1,2007,774,0.1,01May2007,01Mar2008
1,7907539401499000,1,0,2007,661,0.36,01Sep2007,01Jun2009
1,7907540182279000,1,0,2006,669,0.38,01Oct2006,01Dec2007
2,7907543279209000,0,1,2008,776,0.27,01Feb2008,01Jul2008
2,7907543296059000,0,1,2008,801,0.2,01Sep2008,01Dec2008
2,7907543297889000,0,1,2008,771,0.07,01Sep2008,01May2011
0,7907543532559000,0,0,2007,816,0.35,01Oct2007,
0,7907547236649000,0,0,2012,785,0.27,01May2012,
1,8908500072619000,1,0,2003,765,0.13,01Dec2005,01Jan2008
2,8908503792829000,0,1,2003,690,0.38,01Dec2005,01Apr2006
2,8908505441009000,0,1,2005,801,0.33,01Dec2005,01Jun2008
2,8908507919309000,0,1,2006,678,0.13,01Nov2006,01Oct2010
2,8908511890459000,0,1,2003,757,0.16,01Dec2005,01Mar2006
2,8908512480259000,0,1,2006,737,0.32,01Oct2006,01Oct2009
2,8908513332279000,0,1,2006,637,0.41,01Aug2006,01Mar2007
2,8908518016039000,0,1,2006,801,0.17,01Aug2006,01Dec2009
2,8908518130919000,0,1,2006,793,0.19,01Jul2006,01Sep2006
1,8908536214329000,1,0,2007,742,0.26,01May2007,01Aug2010
1,8908536684399000,1,0,2005,681,0.33,01Dec2005,01Feb2010
2,8908536769039000,0,1,2006,675,0.23,01Jun2006,01Sep2007
2,8908537214539000,0,1,2005,749,0.22,01Dec2005,01Aug2008
0,8908537834599000,0,0,2008,714,0.16,01Feb2008,
0,8908538599519000,0,0,2006,738,0.23,01Sep2006,
0,8908539044509000,0,0,2007,786,0.21,01Sep2007,
0,8908539073959000,0,0,2006,687,0.3,01Sep2006,
2,8908539289109000,0,1,2008,794,0.3,01Jun2008,01Jan2009
0,8908540250009000,0,0,2007,733,0.39,01Nov2007,
2,8908540301609000,0,1,2007,813,0.11,01Oct2007,01Apr2008
1,8908540315239000,1,0,2008,742,0.28,01Mar2008,01Sep2010
2,8908540496519000,0,1,2006,772,0.19,01Nov2006,01Jan2009
0,8908544053189000,0,0,2008,777,0.4,01Nov2008,
0,8908544094299000,0,0,2011,791,0.24,01May2011,
0,8908546714689000,0,0,2012,704,0.39,01Sep2012,
